cups-01	3242118	https://sdmntprcentralus.oaiusercontent.com/files/00000000-f580-81f5-8755-70962fc5934d/raw?se=2026-10-07T04%3A20%3A42Z&sp=r&sv=2026-02-06&sr=b&scid=7085cc54-ed12-566b-b2e2-06939bd2bb19&skoid=38550de5-1fab-49d1-9ebb-83af5557cc43&sktid=a48cca56-e6da-484e-a814-9c849652bcb3&skt=2026-10-07T01%3A02%3A41Z&ske=2026-10-08T01%3A02%3A41Z&sks=b&skv=2026-02-06&sig=BTuslaINm3sCdP%2BhBrZ9VirFECylgj3FAhj1Et6Z9Os%3D
cups-02	3261902	https://sdmntprcentralus.oaiusercontent.com/files/00000000-1c60-81f5-9b29-cb18946726e8/raw?se=2026-10-07T04%3A20%3A44Z&sp=r&sv=2026-02-06&sr=b&scid=b6e46dd3-5ea5-5980-bb0a-0fa9ebfd62fd&skoid=38550de5-1fab-49d1-9ebb-83af5557cc43&sktid=a48cca56-e6da-484e-a814-9c849652bcb3&skt=2026-10-06T10%3A51%3A47Z&ske=2026-10-07T10%3A51%3A47Z&sks=b&skv=2026-02-06&sig=%2BqK%2BsWgCBOLx/QV3X9Mto6Z9OReIQO5TokVXlqWQVSs%3D
cups-03	2801259	https://sdmntprcentralus.oaiusercontent.com/files/00000000-8bb8-81f5-ad81-524ebe52207a/raw?se=2026-10-07T04%3A20%3A45Z&sp=r&sv=2026-02-06&sr=b&scid=13912028-ea6b-59f2-9f35-e17d17e20222&skoid=38550de5-1fab-49d1-9ebb-83af5557cc43&sktid=a48cca56-e6da-484e-a814-9c849652bcb3&skt=2026-10-06T12%3A18%3A05Z&ske=2026-10-07T12%3A18%3A05Z&sks=b&skv=2026-02-06&sig=nIsSkP1lhwbrD8xcM6/7TIwbEC7y0W%2BFPbeW0Ao/Lsg%3D
cups-04	3367231	https://sdmntprcentralus.oaiusercontent.com/files/00000000-2a8c-81f5-9821-ae3cc1c06e21/raw?se=2026-10-07T04%3A20%3A46Z&sp=r&sv=2026-02-06&sr=b&scid=fd2860fa-894e-5da9-950e-271e4d44791c&skoid=38550de5-1fab-49d1-9ebb-83af5557cc43&sktid=a48cca56-e6da-484e-a814-9c849652bcb3&skt=2026-10-06T12%3A38%3A54Z&ske=2026-10-07T12%3A38%3A54Z&sks=b&skv=2026-02-06&sig=xfiLrhrgjnuV74OAW4EsAsullab3UGSUFMP91C2V/%2Bc%3D
cups-05	3325514	https://sdmntprcentralus.oaiusercontent.com/files/00000000-3914-81f5-b471-e9bf261e6de3/raw?se=2026-10-07T04%3A20%3A48Z&sp=r&sv=2026-02-06&sr=b&scid=69e1fc13-14f6-5375-bac4-07a92d5d9e1f&skoid=38550de5-1fab-49d1-9ebb-83af5557cc43&sktid=a48cca56-e6da-484e-a814-9c849652bcb3&skt=2026-10-07T01%3A06%3A46Z&ske=2026-10-08T01%3A06%3A46Z&sks=b&skv=2026-02-06&sig=lScAKav7kZJVDWrw/MpO5/SZICOA42jMbYWiuVURnq0%3D
cups-06	3414402	https://sdmntprcentralus.oaiusercontent.com/files/00000000-0aa0-81f5-aab3-7bf772a1d05d/raw?se=2026-10-07T04%3A20%3A50Z&sp=r&sv=2026-02-06&sr=b&scid=1dd2a216-758f-5596-8e41-a7e4da26976e&skoid=38550de5-1fab-49d1-9ebb-83af5557cc43&sktid=a48cca56-e6da-484e-a814-9c849652bcb3&skt=2026-10-06T11%3A58%3A34Z&ske=2026-10-07T11%3A58%3A34Z&sks=b&skv=2026-02-06&sig=1vqx3gGEE7dsW0aWKU4oFgoyKnfhK55MTkLh8zr2JD8%3D
cups-07	3311543	https://sdmntprcentralus.oaiusercontent.com/files/00000000-a464-81f5-a80a-1c49556dd0de/raw?se=2026-10-07T04%3A20%3A51Z&sp=r&sv=2026-02-06&sr=b&scid=47103e81-f3b1-5c21-b8af-98334ea8e374&skoid=38550de5-1fab-49d1-9ebb-83af5557cc43&sktid=a48cca56-e6da-484e-a814-9c849652bcb3&skt=2026-10-07T01%3A06%3A42Z&ske=2026-10-08T01%3A06%3A42Z&sks=b&skv=2026-02-06&sig=64fdoIqyDiPNRSrmBFWbXXGGokkfikJrBaQ%2Bp0sUJDQ%3D
cups-08	3534677	https://sdmntprcentralus.oaiusercontent.com/files/00000000-2e88-81f5-9951-ca8ad3b1b148/raw?se=2026-10-07T04%3A20%3A56Z&sp=r&sv=2026-02-06&sr=b&scid=8687221b-2f17-5714-8fb2-02df39ea7dbe&skoid=38550de5-1fab-49d1-9ebb-83af5557cc43&sktid=a48cca56-e6da-484e-a814-9c849652bcb3&skt=2026-10-06T14%3A05%3A46Z&ske=2026-10-07T14%3A05%3A46Z&sks=b&skv=2026-02-06&sig=8mSK2Ard/C07x27KaafuFsskhDpeELGGD7vMG5KPloY%3D
cups-09	3069027	https://sdmntprcentralus.oaiusercontent.com/files/00000000-121c-81f5-b663-5e0e9254480e/raw?se=2026-10-07T04%3A20%3A57Z&sp=r&sv=2026-02-06&sr=b&scid=4e89a98c-5131-54b2-962a-ab75f6b1d28f&skoid=38550de5-1fab-49d1-9ebb-83af5557cc43&sktid=a48cca56-e6da-484e-a814-9c849652bcb3&skt=2026-10-07T00%3A46%3A26Z&ske=2026-10-08T00%3A46%3A26Z&sks=b&skv=2026-02-06&sig=T45zvY79vcQdryFffY3tX3ZE1Z111yOI5I1vWM8iXa4%3D
cups-10	3120079	https://sdmntprcentralus.oaiusercontent.com/files/00000000-56d0-81f5-a9a1-cd57c975ac4f/raw?se=2026-10-07T04%3A20%3A58Z&sp=r&sv=2026-02-06&sr=b&scid=e53a94db-1011-5d62-9f93-42f00b0035cd&skoid=38550de5-1fab-49d1-9ebb-83af5557cc43&sktid=a48cca56-e6da-484e-a814-9c849652bcb3&skt=2026-10-07T01%3A00%3A16Z&ske=2026-10-08T01%3A00%3A16Z&sks=b&skv=2026-02-06&sig=uCzeceSOZTPZQuY%2B79ZxAJhfIAamQhIQzEcb3PbiCTI%3D
cups-11	3175090	https://sdmntprcentralus.oaiusercontent.com/files/00000000-8d4c-81f5-aca4-22eb0a49b18f/raw?se=2026-10-07T04%3A21%3A00Z&sp=r&sv=2026-02-06&sr=b&scid=e2c0669d-0ced-5fad-a7c0-c1c3262a870a&skoid=38550de5-1fab-49d1-9ebb-83af5557cc43&sktid=a48cca56-e6da-484e-a814-9c849652bcb3&skt=2026-10-07T01%3A06%3A16Z&ske=2026-10-08T01%3A06%3A16Z&sks=b&skv=2026-02-06&sig=jssb7KCyIqLbRX9djISe1zvhP8CKWJ/cZo5Dyhncf0s%3D
cups-12	3336402	https://sdmntprcentralus.oaiusercontent.com/files/00000000-ad98-81f5-b4e3-5a42c05eb923/raw?se=2026-10-07T04%3A21%3A01Z&sp=r&sv=2026-02-06&sr=b&scid=bbd792e8-37fc-53ae-b04a-74afe056b543&skoid=38550de5-1fab-49d1-9ebb-83af5557cc43&sktid=a48cca56-e6da-484e-a814-9c849652bcb3&skt=2026-10-06T14%3A05%3A30Z&ske=2026-10-07T14%3A05%3A30Z&sks=b&skv=2026-02-06&sig=QjRy3CpV%2Bzs4YiR7WzyXlGKnDpdgfnKD9PEc3w9iAEc%3D
cups-13	3233055	https://sdmntprcentralus.oaiusercontent.com/files/00000000-3064-81f5-8497-f202ccde320f/raw?se=2026-10-07T04%3A21%3A03Z&sp=r&sv=2026-02-06&sr=b&scid=eeb31c29-2198-583a-93d6-8e89a08d3c9c&skoid=38550de5-1fab-49d1-9ebb-83af5557cc43&sktid=a48cca56-e6da-484e-a814-9c849652bcb3&skt=2026-10-07T00%3A56%3A20Z&ske=2026-10-08T00%3A56%3A20Z&sks=b&skv=2026-02-06&sig=hFaqHnRWJ6y2ERcPh5tCIZaCTjulw19C8L%2B3Uc05FD4%3D
